name,tags,pic_urls
"3D Snowman Hole In A Wall 20 oz Skinny Tumbler Sublimation Design, Snow Straight And Tapered Tumbler Wrap, Instant Digital Download PNG","christmas tumbler,3d snowman,snowman tumbler wrap,3d tumbler wrap,winter tumbler wrap,3d tumbler design,sublimation design,skinny tumbler wrap,tumbler design,tumbler wrap,3d hole in a wall,instant download",https://i.etsystatic.com/42921414/r/il/c76b87/5279859731/il_794xN.5279859731_rt8s.jpg
"3D Snowman Hole In A Wall 20 oz Skinny Tumbler Sublimation Design, Snow Straight And Tapered Tumbler Wrap, Instant Digital Download PNG","christmas tumbler,3d snowman,snowman tumbler wrap,3d tumbler wrap,winter tumbler wrap,3d tumbler design,sublimation design,skinny tumbler wrap,tumbler design,tumbler wrap,3d hole in a wall,instant download",
"3D Snowman Hole In A Wall 20 oz Skinny Tumbler Sublimation Design, Snow Straight And Tapered Tumbler Wrap, Instant Digital Download PNG","christmas tumbler,3d snowman,snowman tumbler wrap,3d tumbler wrap,winter tumbler wrap,3d tumbler design,sublimation design,skinny tumbler wrap,tumbler design,tumbler wrap,3d hole in a wall,instant download",https://i.etsystatic.com/42921414/r/il/84ab8a/5231664214/il_794xN.5231664214_nugb.jpg
"3D Snowman Hole In A Wall 20 oz Skinny Tumbler Sublimation Design, Snow Straight And Tapered Tumbler Wrap, Instant Digital Download PNG","christmas tumbler,3d snowman,snowman tumbler wrap,3d tumbler wrap,winter tumbler wrap,3d tumbler design,sublimation design,skinny tumbler wrap,tumbler design,tumbler wrap,3d hole in a wall,instant download",https://i.etsystatic.com/42921414/r/il/a941bf/5279859729/il_794xN.5279859729_p1gb.jpg
"3D Hedgehog Flowers 20 oz Skinny Tumbler Sublimation Design, Straight And Tapered Tumbler Wrap, Instant Digital Download PNG","hedgehog tumbler,skinny tumbler wrap,sublimation design,3d tumbler design,tumbler wrap,3d tumbler wrap,tumbler design,hedgehog,digital download,tapered tumbler wrap,instant download",https://i.etsystatic.com/42921414/r/il/3f8297/5053860175/il_794xN.5053860175_har7.jpg
"3D Hedgehog Flowers 20 oz Skinny Tumbler Sublimation Design, Straight And Tapered Tumbler Wrap, Instant Digital Download PNG","hedgehog tumbler,skinny tumbler wrap,sublimation design,3d tumbler design,tumbler wrap,3d tumbler wrap,tumbler design,hedgehog,digital download,tapered tumbler wrap,instant download",
"3D Hedgehog Flowers 20 oz Skinny Tumbler Sublimation Design, Straight And Tapered Tumbler Wrap, Instant Digital Download PNG","hedgehog tumbler,skinny tumbler wrap,sublimation design,3d tumbler design,tumbler wrap,3d tumbler wrap,tumbler design,hedgehog,digital download,tapered tumbler wrap,instant download",https://i.etsystatic.com/42921414/r/il/304d0a/5005626828/il_794xN.5005626828_ilhg.jpg
"3D Hedgehog Flowers 20 oz Skinny Tumbler Sublimation Design, Straight And Tapered Tumbler Wrap, Instant Digital Download PNG","hedgehog tumbler,skinny tumbler wrap,sublimation design,3d tumbler design,tumbler wrap,3d tumbler wrap,tumbler design,hedgehog,digital download,tapered tumbler wrap,instant download",https://i.etsystatic.com/42921414/r/il/fcad96/5053860195/il_794xN.5053860195_8hqe.jpg
"3D Black Roses Seamless 20 oz Skinny Tumbler Sublimation Design, Straight And Tapered Tumbler Wrap, Instant Digital Download PNG","3d tumbler design,flower tumbler wrap,rose tumbler design,skinny tumbler wrap,3d flowers,3d roses,tumbler wrap,tumbler design,sublimation design,3d tumbler wrap,black tumbler wrap,black roses,seamless tumbler",https://i.etsystatic.com/42921414/r/il/9874bf/4911920950/il_794xN.4911920950_2c90.jpg
"3D Black Roses Seamless 20 oz Skinny Tumbler Sublimation Design, Straight And Tapered Tumbler Wrap, Instant Digital Download PNG","3d tumbler design,flower tumbler wrap,rose tumbler design,skinny tumbler wrap,3d flowers,3d roses,tumbler wrap,tumbler design,sublimation design,3d tumbler wrap,black tumbler wrap,black roses,seamless tumbler",
"3D Black Roses Seamless 20 oz Skinny Tumbler Sublimation Design, Straight And Tapered Tumbler Wrap, Instant Digital Download PNG","3d tumbler design,flower tumbler wrap,rose tumbler design,skinny tumbler wrap,3d flowers,3d roses,tumbler wrap,tumbler design,sublimation design,3d tumbler wrap,black tumbler wrap,black roses,seamless tumbler",https://i.etsystatic.com/42921414/r/il/e5e5c3/4960179853/il_794xN.4960179853_ac9e.jpg
"3D Black Roses Seamless 20 oz Skinny Tumbler Sublimation Design, Straight And Tapered Tumbler Wrap, Instant Digital Download PNG","3d tumbler design,flower tumbler wrap,rose tumbler design,skinny tumbler wrap,3d flowers,3d roses,tumbler wrap,tumbler design,sublimation design,3d tumbler wrap,black tumbler wrap,black roses,seamless tumbler",https://i.etsystatic.com/42921414/r/il/803bf6/4960179857/il_794xN.4960179857_nkmb.jpg
"3D Kitten In A Wall Hole Mug Wrap, 11oz And 15oz Mug Template, Mug Sublimation Design, Cat Mug Wrap Template, Instant Digital Download PNG","kitten mug wrap,3d kitten,cat mug wrap,3d mug design,mug template,mug design,3d cat,sublimation design,3d hole in a wall,digital download",https://i.etsystatic.com/42921414/r/il/bd7641/5151336855/il_794xN.5151336855_kj9e.jpg
"3D Kitten In A Wall Hole Mug Wrap, 11oz And 15oz Mug Template, Mug Sublimation Design, Cat Mug Wrap Template, Instant Digital Download PNG","kitten mug wrap,3d kitten,cat mug wrap,3d mug design,mug template,mug design,3d cat,sublimation design,3d hole in a wall,digital download",
"3D Kitten In A Wall Hole Mug Wrap, 11oz And 15oz Mug Template, Mug Sublimation Design, Cat Mug Wrap Template, Instant Digital Download PNG","kitten mug wrap,3d kitten,cat mug wrap,3d mug design,mug template,mug design,3d cat,sublimation design,3d hole in a wall,digital download",https://i.etsystatic.com/42921414/r/il/32dcd1/5103109786/il_794xN.5103109786_fwqm.jpg
"3D Kitten In A Wall Hole Mug Wrap, 11oz And 15oz Mug Template, Mug Sublimation Design, Cat Mug Wrap Template, Instant Digital Download PNG","kitten mug wrap,3d kitten,cat mug wrap,3d mug design,mug template,mug design,3d cat,sublimation design,3d hole in a wall,digital download",https://i.etsystatic.com/42921414/r/il/649e58/5103109778/il_794xN.5103109778_1020.jpg
"Watercolor Colorful Northern Lights 20 oz Skinny Tumbler Sublimation Design, Straight And Tapered Tumbler Wrap, Instant Digital Download PNG","northern lights,watercolor,tumbler wrap,tumbler design,skinny tumbler wrap,watercolor landscape,sublimation design,digital download,landscape pattern,instant download,rainbow tumbler wrap,colorful",https://i.etsystatic.com/42921414/r/il/3f2b62/4930025741/il_794xN.4930025741_snto.jpg
"Watercolor Colorful Northern Lights 20 oz Skinny Tumbler Sublimation Design, Straight And Tapered Tumbler Wrap, Instant Digital Download PNG","northern lights,watercolor,tumbler wrap,tumbler design,skinny tumbler wrap,watercolor landscape,sublimation design,digital download,landscape pattern,instant download,rainbow tumbler wrap,colorful",
"Watercolor Colorful Northern Lights 20 oz Skinny Tumbler Sublimation Design, Straight And Tapered Tumbler Wrap, Instant Digital Download PNG","northern lights,watercolor,tumbler wrap,tumbler design,skinny tumbler wrap,watercolor landscape,sublimation design,digital download,landscape pattern,instant download,rainbow tumbler wrap,colorful",https://i.etsystatic.com/42921414/r/il/fcabc4/4930025665/il_794xN.4930025665_m3ym.jpg
"Watercolor Colorful Northern Lights 20 oz Skinny Tumbler Sublimation Design, Straight And Tapered Tumbler Wrap, Instant Digital Download PNG","northern lights,watercolor,tumbler wrap,tumbler design,skinny tumbler wrap,watercolor landscape,sublimation design,digital download,landscape pattern,instant download,rainbow tumbler wrap,colorful",https://i.etsystatic.com/42921414/r/il/92a270/4881751344/il_794xN.4881751344_1i6j.jpg
"3D Kitten Hole In A Wall Mug Wrap, 11oz And 15oz Mug Template, Mug Sublimation Design, Mug Wrap Template, Instant Digital Download PNG","kitten mug wrap,cat mug wrap,3d mug design,3d kitten,mug template,mug design,3d cat,sublimation design,3d hole in a wall",https://i.etsystatic.com/42921414/r/il/0236c5/5108937367/il_794xN.5108937367_jvuf.jpg
"3D Kitten Hole In A Wall Mug Wrap, 11oz And 15oz Mug Template, Mug Sublimation Design, Mug Wrap Template, Instant Digital Download PNG","kitten mug wrap,cat mug wrap,3d mug design,3d kitten,mug template,mug design,3d cat,sublimation design,3d hole in a wall",
"3D Kitten Hole In A Wall Mug Wrap, 11oz And 15oz Mug Template, Mug Sublimation Design, Mug Wrap Template, Instant Digital Download PNG","kitten mug wrap,cat mug wrap,3d mug design,3d kitten,mug template,mug design,3d cat,sublimation design,3d hole in a wall",https://i.etsystatic.com/42921414/r/il/d35d61/5098721119/il_794xN.5098721119_nfo6.jpg
"3D Kitten Hole In A Wall Mug Wrap, 11oz And 15oz Mug Template, Mug Sublimation Design, Mug Wrap Template, Instant Digital Download PNG","kitten mug wrap,cat mug wrap,3d mug design,3d kitten,mug template,mug design,3d cat,sublimation design,3d hole in a wall",https://i.etsystatic.com/42921414/r/il/0d9dd5/5098721107/il_794xN.5098721107_spdh.jpg
"3D Kitten Hole In A Wall Mug Wrap, 11oz And 15oz Mug Template, Mug Sublimation Design, Mug Wrap Template, Instant Digital Download PNG","kitten mug wrap,cat mug wrap,3d mug design,3d kitten,mug template,mug design,3d cat,sublimation design,3d hole in a wall",https://i.etsystatic.com/42921414/r/il/8068a7/5050491380/il_794xN.5050491380_oqz3.jpg
"3D Ship Hole In A Wall Mug Wrap, 11oz And 15oz Mug Template, Mug Sublimation Design, Mug Wrap Template, Instant Digital Download PNG","3d ship,3d mug design,mug template,3d mug wrap,mug design,sublimation design,3d hole in a wall,ocean mug wrap,digital download",https://i.etsystatic.com/42921414/r/il/5c0e55/5251085767/il_794xN.5251085767_15wh.jpg
"3D Ship Hole In A Wall Mug Wrap, 11oz And 15oz Mug Template, Mug Sublimation Design, Mug Wrap Template, Instant Digital Download PNG","3d ship,3d mug design,mug template,3d mug wrap,mug design,sublimation design,3d hole in a wall,ocean mug wrap,digital download",
"3D Ship Hole In A Wall Mug Wrap, 11oz And 15oz Mug Template, Mug Sublimation Design, Mug Wrap Template, Instant Digital Download PNG","3d ship,3d mug design,mug template,3d mug wrap,mug design,sublimation design,3d hole in a wall,ocean mug wrap,digital download",https://i.etsystatic.com/42921414/r/il/003590/5202871438/il_794xN.5202871438_ew85.jpg
"3D Ship Hole In A Wall Mug Wrap, 11oz And 15oz Mug Template, Mug Sublimation Design, Mug Wrap Template, Instant Digital Download PNG","3d ship,3d mug design,mug template,3d mug wrap,mug design,sublimation design,3d hole in a wall,ocean mug wrap,digital download",https://i.etsystatic.com/42921414/r/il/d81420/5251085801/il_794xN.5251085801_a6ne.jpg
"3D Baby Crocodile Hole In A Wall 20 oz Skinny Tumbler Sublimation Design, Straight And Tapered Tumbler Wrap, Instant Digital Download PNG","baby crocodile,3d crocodile,3d cracked wall,cracked wall tumbler,3d tumbler design,tumbler wrap,3d tumbler wrap,tumbler design,skinny tumbler wrap,sublimation design,crocodile tumbler,3d hole in a wall,crocodile pattern",https://i.etsystatic.com/42921414/r/il/0e0bd9/5043287533/il_794xN.5043287533_gzix.jpg
"3D Baby Crocodile Hole In A Wall 20 oz Skinny Tumbler Sublimation Design, Straight And Tapered Tumbler Wrap, Instant Digital Download PNG","baby crocodile,3d crocodile,3d cracked wall,cracked wall tumbler,3d tumbler design,tumbler wrap,3d tumbler wrap,tumbler design,skinny tumbler wrap,sublimation design,crocodile tumbler,3d hole in a wall,crocodile pattern",
"3D Baby Crocodile Hole In A Wall 20 oz Skinny Tumbler Sublimation Design, Straight And Tapered Tumbler Wrap, Instant Digital Download PNG","baby crocodile,3d crocodile,3d cracked wall,cracked wall tumbler,3d tumbler design,tumbler wrap,3d tumbler wrap,tumbler design,skinny tumbler wrap,sublimation design,crocodile tumbler,3d hole in a wall,crocodile pattern",https://i.etsystatic.com/42921414/r/il/d481af/4995052636/il_794xN.4995052636_pc55.jpg
"3D Baby Crocodile Hole In A Wall 20 oz Skinny Tumbler Sublimation Design, Straight And Tapered Tumbler Wrap, Instant Digital Download PNG","baby crocodile,3d crocodile,3d cracked wall,cracked wall tumbler,3d tumbler design,tumbler wrap,3d tumbler wrap,tumbler design,skinny tumbler wrap,sublimation design,crocodile tumbler,3d hole in a wall,crocodile pattern",https://i.etsystatic.com/42921414/r/il/c42236/5043287535/il_794xN.5043287535_kffc.jpg
"Mountain Landscape 20 oz Skinny Tumbler Sublimation Design, Straight And Tapered Tumbler Wrap, Instant Digital Download PNG","tumbler wrap,mountain tumbler,mountain landscape,landscape pattern,tumbler design,skinny tumbler wrap,sublimation design,instant download,digital download,landscape tumbler,tapered tumbler wrap,forest landscape,forest tumbler wrap",https://i.etsystatic.com/42921414/r/il/24aa6d/4907872978/il_794xN.4907872978_1msn.jpg
"Mountain Landscape 20 oz Skinny Tumbler Sublimation Design, Straight And Tapered Tumbler Wrap, Instant Digital Download PNG","tumbler wrap,mountain tumbler,mountain landscape,landscape pattern,tumbler design,skinny tumbler wrap,sublimation design,instant download,digital download,landscape tumbler,tapered tumbler wrap,forest landscape,forest tumbler wrap",
"Mountain Landscape 20 oz Skinny Tumbler Sublimation Design, Straight And Tapered Tumbler Wrap, Instant Digital Download PNG","tumbler wrap,mountain tumbler,mountain landscape,landscape pattern,tumbler design,skinny tumbler wrap,sublimation design,instant download,digital download,landscape tumbler,tapered tumbler wrap,forest landscape,forest tumbler wrap",https://i.etsystatic.com/42921414/r/il/46b09c/4956139753/il_794xN.4956139753_ii4q.jpg
"Mountain Landscape 20 oz Skinny Tumbler Sublimation Design, Straight And Tapered Tumbler Wrap, Instant Digital Download PNG","tumbler wrap,mountain tumbler,mountain landscape,landscape pattern,tumbler design,skinny tumbler wrap,sublimation design,instant download,digital download,landscape tumbler,tapered tumbler wrap,forest landscape,forest tumbler wrap",https://i.etsystatic.com/42921414/r/il/9c9c0a/4956139787/il_794xN.4956139787_lofo.jpg
"Watercolor Unicorn 20 oz Skinny Tumbler Sublimation Design, Straight And Tapered Tumbler Wrap, Instant Digital Download PNG","skinny tumbler wrap,unicorn tumbler wrap,watercolor unicorn,unicorn design,unicorn pattern,unicorn,tumbler wrap,sublimation design,digital download,instant download,watercolor pattern,tumbler design",https://i.etsystatic.com/42921414/r/il/882638/4864318412/il_794xN.4864318412_lc44.jpg
"Watercolor Unicorn 20 oz Skinny Tumbler Sublimation Design, Straight And Tapered Tumbler Wrap, Instant Digital Download PNG","skinny tumbler wrap,unicorn tumbler wrap,watercolor unicorn,unicorn design,unicorn pattern,unicorn,tumbler wrap,sublimation design,digital download,instant download,watercolor pattern,tumbler design",
"Watercolor Unicorn 20 oz Skinny Tumbler Sublimation Design, Straight And Tapered Tumbler Wrap, Instant Digital Download PNG","skinny tumbler wrap,unicorn tumbler wrap,watercolor unicorn,unicorn design,unicorn pattern,unicorn,tumbler wrap,sublimation design,digital download,instant download,watercolor pattern,tumbler design",https://i.etsystatic.com/42921414/r/il/af6703/4868784996/il_794xN.4868784996_7i18.jpg
"Watercolor Unicorn 20 oz Skinny Tumbler Sublimation Design, Straight And Tapered Tumbler Wrap, Instant Digital Download PNG","skinny tumbler wrap,unicorn tumbler wrap,watercolor unicorn,unicorn design,unicorn pattern,unicorn,tumbler wrap,sublimation design,digital download,instant download,watercolor pattern,tumbler design",https://i.etsystatic.com/42921414/r/il/df75b3/4917138057/il_794xN.4917138057_gpcj.jpg
"3D Blue Silver Gold Flowers 20 oz Skinny Tumbler Sublimation Design, Straight And Tapered Tumbler Wrap, Instant Digital Download PNG","3d tumbler design,flower tumbler wrap,skinny tumbler wrap,3d flowers,tumbler wrap,tumbler design,sublimation design,3d tumbler wrap,flowers design,instant download,teal tumbler wrap,digital download",https://i.etsystatic.com/42921414/r/il/a29c7e/4956394625/il_794xN.4956394625_5oga.jpg
"3D Blue Silver Gold Flowers 20 oz Skinny Tumbler Sublimation Design, Straight And Tapered Tumbler Wrap, Instant Digital Download PNG","3d tumbler design,flower tumbler wrap,skinny tumbler wrap,3d flowers,tumbler wrap,tumbler design,sublimation design,3d tumbler wrap,flowers design,instant download,teal tumbler wrap,digital download",
"3D Blue Silver Gold Flowers 20 oz Skinny Tumbler Sublimation Design, Straight And Tapered Tumbler Wrap, Instant Digital Download PNG","3d tumbler design,flower tumbler wrap,skinny tumbler wrap,3d flowers,tumbler wrap,tumbler design,sublimation design,3d tumbler wrap,flowers design,instant download,teal tumbler wrap,digital download",https://i.etsystatic.com/42921414/r/il/c7a20f/4908128930/il_794xN.4908128930_cz8x.jpg
"3D Blue Silver Gold Flowers 20 oz Skinny Tumbler Sublimation Design, Straight And Tapered Tumbler Wrap, Instant Digital Download PNG","3d tumbler design,flower tumbler wrap,skinny tumbler wrap,3d flowers,tumbler wrap,tumbler design,sublimation design,3d tumbler wrap,flowers design,instant download,teal tumbler wrap,digital download",https://i.etsystatic.com/42921414/r/il/89c995/4908128914/il_794xN.4908128914_e1s1.jpg
"3D Plane Hole In A Wall Mug Wrap, 11oz And 15oz Mug Template, Mug Sublimation Design, Mug Wrap Template, Instant Digital Download PNG","3d plane,3d mug design,mug template,3d tumbler wrap,mug design,sublimation design,3d hole in a wall,digital download,coffee mug wrap",https://i.etsystatic.com/42921414/r/il/d779d0/5270710361/il_794xN.5270710361_2js9.jpg
"3D Plane Hole In A Wall Mug Wrap, 11oz And 15oz Mug Template, Mug Sublimation Design, Mug Wrap Template, Instant Digital Download PNG","3d plane,3d mug design,mug template,3d tumbler wrap,mug design,sublimation design,3d hole in a wall,digital download,coffee mug wrap",
"3D Plane Hole In A Wall Mug Wrap, 11oz And 15oz Mug Template, Mug Sublimation Design, Mug Wrap Template, Instant Digital Download PNG","3d plane,3d mug design,mug template,3d tumbler wrap,mug design,sublimation design,3d hole in a wall,digital download,coffee mug wrap",https://i.etsystatic.com/42921414/r/il/5d5f81/5270710353/il_794xN.5270710353_puga.jpg
"3D Plane Hole In A Wall Mug Wrap, 11oz And 15oz Mug Template, Mug Sublimation Design, Mug Wrap Template, Instant Digital Download PNG","3d plane,3d mug design,mug template,3d tumbler wrap,mug design,sublimation design,3d hole in a wall,digital download,coffee mug wrap",https://i.etsystatic.com/42921414/r/il/263f76/5270710349/il_794xN.5270710349_kben.jpg
"Engraved Wood Moose Landscape 20 oz Skinny Tumbler Sublimation Design, Straight And Tapered Tumbler Wrap, Instant Digital Download PNG","skinny tumbler wrap,moose tumbler design,moose tumbler wrap,moose,landscape tumbler,engraved,tumbler wrap,tumbler design,sublimation design,engraved wood,instant download",https://i.etsystatic.com/42921414/r/il/383bb6/4918032920/il_794xN.4918032920_t3lr.jpg
"Engraved Wood Moose Landscape 20 oz Skinny Tumbler Sublimation Design, Straight And Tapered Tumbler Wrap, Instant Digital Download PNG","skinny tumbler wrap,moose tumbler design,moose tumbler wrap,moose,landscape tumbler,engraved,tumbler wrap,tumbler design,sublimation design,engraved wood,instant download",
"Engraved Wood Moose Landscape 20 oz Skinny Tumbler Sublimation Design, Straight And Tapered Tumbler Wrap, Instant Digital Download PNG","skinny tumbler wrap,moose tumbler design,moose tumbler wrap,moose,landscape tumbler,engraved,tumbler wrap,tumbler design,sublimation design,engraved wood,instant download",https://i.etsystatic.com/42921414/r/il/e1ecf8/4966287977/il_794xN.4966287977_2bpd.jpg
"Engraved Wood Moose Landscape 20 oz Skinny Tumbler Sublimation Design, Straight And Tapered Tumbler Wrap, Instant Digital Download PNG","skinny tumbler wrap,moose tumbler design,moose tumbler wrap,moose,landscape tumbler,engraved,tumbler wrap,tumbler design,sublimation design,engraved wood,instant download",https://i.etsystatic.com/42921414/r/il/2ee883/4966287889/il_794xN.4966287889_nw0v.jpg
"3D Hole In A Wall Jellyfish Mug Wrap, 11oz And 15oz Mug Template, Mug Sublimation Design, Mug Wrap Template, Instant Digital Download PNG","3d jellyfish,3d mug design,3d mug wrap,mug template,mug design,sublimation design,3d hole in a wall",https://i.etsystatic.com/42921414/r/il/c29eca/5121018343/il_794xN.5121018343_esk4.jpg
"3D Hole In A Wall Jellyfish Mug Wrap, 11oz And 15oz Mug Template, Mug Sublimation Design, Mug Wrap Template, Instant Digital Download PNG","3d jellyfish,3d mug design,3d mug wrap,mug template,mug design,sublimation design,3d hole in a wall",
"3D Hole In A Wall Jellyfish Mug Wrap, 11oz And 15oz Mug Template, Mug Sublimation Design, Mug Wrap Template, Instant Digital Download PNG","3d jellyfish,3d mug design,3d mug wrap,mug template,mug design,sublimation design,3d hole in a wall",https://i.etsystatic.com/42921414/r/il/f8e156/5121018319/il_794xN.5121018319_hxq4.jpg
"3D Hole In A Wall Jellyfish Mug Wrap, 11oz And 15oz Mug Template, Mug Sublimation Design, Mug Wrap Template, Instant Digital Download PNG","3d jellyfish,3d mug design,3d mug wrap,mug template,mug design,sublimation design,3d hole in a wall",https://i.etsystatic.com/42921414/r/il/5a3630/5121018325/il_794xN.5121018325_sc0h.jpg
"Autumn Pumpkins Highland Cow Mug Wrap, 11oz And 15oz Mug Template, Mug Sublimation Design, Mug Wrap Template, Instant Digital Download PNG","autumn mug wrap,highland cow mug,pumpkin mug wrap,autumn pumpkins,cow mug wrap,mug template,mug design,sublimation design,highland cow pattern,digital download,instant download,autumn mug design",https://i.etsystatic.com/42921414/r/il/9b8e6d/5128003366/il_794xN.5128003366_h2eq.jpg
"Autumn Pumpkins Highland Cow Mug Wrap, 11oz And 15oz Mug Template, Mug Sublimation Design, Mug Wrap Template, Instant Digital Download PNG","autumn mug wrap,highland cow mug,pumpkin mug wrap,autumn pumpkins,cow mug wrap,mug template,mug design,sublimation design,highland cow pattern,digital download,instant download,autumn mug design",
"Autumn Pumpkins Highland Cow Mug Wrap, 11oz And 15oz Mug Template, Mug Sublimation Design, Mug Wrap Template, Instant Digital Download PNG","autumn mug wrap,highland cow mug,pumpkin mug wrap,autumn pumpkins,cow mug wrap,mug template,mug design,sublimation design,highland cow pattern,digital download,instant download,autumn mug design",https://i.etsystatic.com/42921414/r/il/d940b7/5128003418/il_794xN.5128003418_sc88.jpg
"Autumn Pumpkins Highland Cow Mug Wrap, 11oz And 15oz Mug Template, Mug Sublimation Design, Mug Wrap Template, Instant Digital Download PNG","autumn mug wrap,highland cow mug,pumpkin mug wrap,autumn pumpkins,cow mug wrap,mug template,mug design,sublimation design,highland cow pattern,digital download,instant download,autumn mug design",https://i.etsystatic.com/42921414/r/il/0efa60/5176229319/il_794xN.5176229319_9hjl.jpg
"3D Deer Mug Wrap, 11oz And 15oz Mug Template, Deer Forest Mug Sublimation Design, Mug Wrap Template, Instant Digital Download PNG","3d deer,deer mug wrap,3d mug design,mug design,3d mug wrap,sublimation design,digital download,instant download,coffee mug wrap,deer pattern,deer",https://i.etsystatic.com/42921414/r/il/347d34/5060702304/il_794xN.5060702304_6u0n.jpg
"3D Deer Mug Wrap, 11oz And 15oz Mug Template, Deer Forest Mug Sublimation Design, Mug Wrap Template, Instant Digital Download PNG","3d deer,deer mug wrap,3d mug design,mug design,3d mug wrap,sublimation design,digital download,instant download,coffee mug wrap,deer pattern,deer",
"3D Deer Mug Wrap, 11oz And 15oz Mug Template, Deer Forest Mug Sublimation Design, Mug Wrap Template, Instant Digital Download PNG","3d deer,deer mug wrap,3d mug design,mug design,3d mug wrap,sublimation design,digital download,instant download,coffee mug wrap,deer pattern,deer",https://i.etsystatic.com/42921414/r/il/2fb39a/5104005263/il_794xN.5104005263_67ub.jpg
"3D Deer Mug Wrap, 11oz And 15oz Mug Template, Deer Forest Mug Sublimation Design, Mug Wrap Template, Instant Digital Download PNG","3d deer,deer mug wrap,3d mug design,mug design,3d mug wrap,sublimation design,digital download,instant download,coffee mug wrap,deer pattern,deer",https://i.etsystatic.com/42921414/r/il/3aa1d8/5055773114/il_794xN.5055773114_ja7t.jpg
"3D Deer Mug Wrap, 11oz & 15oz Mug Template, Hole In A Wall Mug Sublimation Design, American Flag Mug Template, Instant Digital Download PNG","3d deer,deer mug wrap,american flag mug,mug design,3d mug design,mug template,3d mug wrap,sublimation design,3d hole in a wall",https://i.etsystatic.com/42921414/r/il/9545bb/5149736318/il_794xN.5149736318_f7k4.jpg
"3D Deer Mug Wrap, 11oz & 15oz Mug Template, Hole In A Wall Mug Sublimation Design, American Flag Mug Template, Instant Digital Download PNG","3d deer,deer mug wrap,american flag mug,mug design,3d mug design,mug template,3d mug wrap,sublimation design,3d hole in a wall",
"3D Deer Mug Wrap, 11oz & 15oz Mug Template, Hole In A Wall Mug Sublimation Design, American Flag Mug Template, Instant Digital Download PNG","3d deer,deer mug wrap,american flag mug,mug design,3d mug design,mug template,3d mug wrap,sublimation design,3d hole in a wall",https://i.etsystatic.com/42921414/r/il/eb4f08/5197963115/il_794xN.5197963115_e8gc.jpg
"3D Deer Mug Wrap, 11oz & 15oz Mug Template, Hole In A Wall Mug Sublimation Design, American Flag Mug Template, Instant Digital Download PNG","3d deer,deer mug wrap,american flag mug,mug design,3d mug design,mug template,3d mug wrap,sublimation design,3d hole in a wall",https://i.etsystatic.com/42921414/r/il/073502/5149736350/il_794xN.5149736350_1hhd.jpg
"3D Pug Hole In A Wall Mug Wrap, 11oz And 15oz Mug Template, Mug Sublimation Design, Puppy Mug Wrap Template, Instant Digital Download PNG","puppy mug wrap,dog mug design,3d mug design,mug template,3d pug,mug design,3d dog,sublimation design,3d hole in a wall",https://i.etsystatic.com/42921414/r/il/2c837f/5227639425/il_794xN.5227639425_g7tl.jpg
"3D Pug Hole In A Wall Mug Wrap, 11oz And 15oz Mug Template, Mug Sublimation Design, Puppy Mug Wrap Template, Instant Digital Download PNG","puppy mug wrap,dog mug design,3d mug design,mug template,3d pug,mug design,3d dog,sublimation design,3d hole in a wall",
"3D Pug Hole In A Wall Mug Wrap, 11oz And 15oz Mug Template, Mug Sublimation Design, Puppy Mug Wrap Template, Instant Digital Download PNG","puppy mug wrap,dog mug design,3d mug design,mug template,3d pug,mug design,3d dog,sublimation design,3d hole in a wall",https://i.etsystatic.com/42921414/r/il/087261/5227639399/il_794xN.5227639399_fm4d.jpg
"3D Pug Hole In A Wall Mug Wrap, 11oz And 15oz Mug Template, Mug Sublimation Design, Puppy Mug Wrap Template, Instant Digital Download PNG","puppy mug wrap,dog mug design,3d mug design,mug template,3d pug,mug design,3d dog,sublimation design,3d hole in a wall",https://i.etsystatic.com/42921414/r/il/8e56a7/5227639393/il_794xN.5227639393_a2hw.jpg
"3D Snowman Christmas Mug Wrap, 11oz And 15oz Mug Template, Mug Sublimation Design, Mug Wrap Template, Instant Digital Download PNG","snowman mug wrap,3d snowman,christmas mug wrap,snowman mug design,mug design,winter mug wrap,mug template,sublimation design,3d mug wrap,3d mug design,winter mug design",https://i.etsystatic.com/42921414/r/il/09b49c/5115155426/il_794xN.5115155426_sqhr.jpg
"3D Snowman Christmas Mug Wrap, 11oz And 15oz Mug Template, Mug Sublimation Design, Mug Wrap Template, Instant Digital Download PNG","snowman mug wrap,3d snowman,christmas mug wrap,snowman mug design,mug design,winter mug wrap,mug template,sublimation design,3d mug wrap,3d mug design,winter mug design",
"3D Snowman Christmas Mug Wrap, 11oz And 15oz Mug Template, Mug Sublimation Design, Mug Wrap Template, Instant Digital Download PNG","snowman mug wrap,3d snowman,christmas mug wrap,snowman mug design,mug design,winter mug wrap,mug template,sublimation design,3d mug wrap,3d mug design,winter mug design",https://i.etsystatic.com/42921414/r/il/6e0918/5115155454/il_794xN.5115155454_e9ud.jpg
"3D Snowman Christmas Mug Wrap, 11oz And 15oz Mug Template, Mug Sublimation Design, Mug Wrap Template, Instant Digital Download PNG","snowman mug wrap,3d snowman,christmas mug wrap,snowman mug design,mug design,winter mug wrap,mug template,sublimation design,3d mug wrap,3d mug design,winter mug design",https://i.etsystatic.com/42921414/r/il/28d642/5115155452/il_794xN.5115155452_k0yp.jpg
"3D Kitten Hole In A Wall Mug Wrap, 11oz & 15oz Mug Template, Mug Sublimation Design, Snow Mug Wrap Template, Instant Digital Download PNG","kitten mug wrap,3d mug wrap,cat mug wrap,3d mug design,winter mug design,3d kitten,mug template,mug design,3d cat,sublimation design,3d hole in a wall",https://i.etsystatic.com/42921414/r/il/00f464/5210228541/il_794xN.5210228541_5nll.jpg
"3D Kitten Hole In A Wall Mug Wrap, 11oz & 15oz Mug Template, Mug Sublimation Design, Snow Mug Wrap Template, Instant Digital Download PNG","kitten mug wrap,3d mug wrap,cat mug wrap,3d mug design,winter mug design,3d kitten,mug template,mug design,3d cat,sublimation design,3d hole in a wall",
"3D Kitten Hole In A Wall Mug Wrap, 11oz & 15oz Mug Template, Mug Sublimation Design, Snow Mug Wrap Template, Instant Digital Download PNG","kitten mug wrap,3d mug wrap,cat mug wrap,3d mug design,winter mug design,3d kitten,mug template,mug design,3d cat,sublimation design,3d hole in a wall",https://i.etsystatic.com/42921414/r/il/f95603/5161998372/il_794xN.5161998372_2i0j.jpg
"3D Kitten Hole In A Wall Mug Wrap, 11oz & 15oz Mug Template, Mug Sublimation Design, Snow Mug Wrap Template, Instant Digital Download PNG","kitten mug wrap,3d mug wrap,cat mug wrap,3d mug design,winter mug design,3d kitten,mug template,mug design,3d cat,sublimation design,3d hole in a wall",https://i.etsystatic.com/42921414/r/il/301d8d/5161998360/il_794xN.5161998360_16rc.jpg
"3D Snowman Mug Wrap, 11oz And 15oz Mug Template, Hole In A Wall Mug Sublimation Design, Mug Wrap Template, Instant Digital Download PNG","christmas mug wrap,3d snowman,snowman mug wrap,3d mug wrap,snowman mug design,winter mug design,3d mug design,sublimation design,mug template,3d hole in a wall,winter mug wrap,mug design",https://i.etsystatic.com/42921414/r/il/175324/5136739040/il_794xN.5136739040_k1s4.jpg
"3D Snowman Mug Wrap, 11oz And 15oz Mug Template, Hole In A Wall Mug Sublimation Design, Mug Wrap Template, Instant Digital Download PNG","christmas mug wrap,3d snowman,snowman mug wrap,3d mug wrap,snowman mug design,winter mug design,3d mug design,sublimation design,mug template,3d hole in a wall,winter mug wrap,mug design",
"3D Snowman Mug Wrap, 11oz And 15oz Mug Template, Hole In A Wall Mug Sublimation Design, Mug Wrap Template, Instant Digital Download PNG","christmas mug wrap,3d snowman,snowman mug wrap,3d mug wrap,snowman mug design,winter mug design,3d mug design,sublimation design,mug template,3d hole in a wall,winter mug wrap,mug design",https://i.etsystatic.com/42921414/r/il/d1b681/5136739042/il_794xN.5136739042_p64j.jpg
"3D Snowman Mug Wrap, 11oz And 15oz Mug Template, Hole In A Wall Mug Sublimation Design, Mug Wrap Template, Instant Digital Download PNG","christmas mug wrap,3d snowman,snowman mug wrap,3d mug wrap,snowman mug design,winter mug design,3d mug design,sublimation design,mug template,3d hole in a wall,winter mug wrap,mug design",https://i.etsystatic.com/42921414/r/il/0a2920/5184957989/il_794xN.5184957989_bhwt.jpg
"3D Gingerbread House Mug Wrap, 11oz & 15oz Mug Template, Mug Sublimation Design, Christmas Mug Wrap Template, Instant Digital Download PNG","christmas mug wrap,gingerbread mug wrap,3d gingerbread house,winter mug design,3d mug wrap,mug design,3d mug design,gingerbread house,mug template,sublimation design,3d hole in a wall",https://i.etsystatic.com/42921414/r/il/f6fd08/5228642614/il_794xN.5228642614_6her.jpg
"3D Gingerbread House Mug Wrap, 11oz & 15oz Mug Template, Mug Sublimation Design, Christmas Mug Wrap Template, Instant Digital Download PNG","christmas mug wrap,gingerbread mug wrap,3d gingerbread house,winter mug design,3d mug wrap,mug design,3d mug design,gingerbread house,mug template,sublimation design,3d hole in a wall",
"3D Gingerbread House Mug Wrap, 11oz & 15oz Mug Template, Mug Sublimation Design, Christmas Mug Wrap Template, Instant Digital Download PNG","christmas mug wrap,gingerbread mug wrap,3d gingerbread house,winter mug design,3d mug wrap,mug design,3d mug design,gingerbread house,mug template,sublimation design,3d hole in a wall",https://i.etsystatic.com/42921414/r/il/1f4a9f/5276843575/il_794xN.5276843575_3ine.jpg
"3D Gingerbread House Mug Wrap, 11oz & 15oz Mug Template, Mug Sublimation Design, Christmas Mug Wrap Template, Instant Digital Download PNG","christmas mug wrap,gingerbread mug wrap,3d gingerbread house,winter mug design,3d mug wrap,mug design,3d mug design,gingerbread house,mug template,sublimation design,3d hole in a wall",https://i.etsystatic.com/42921414/r/il/6d7262/5276843567/il_794xN.5276843567_2mpu.jpg
"3D Eagle Mountains Mug Wrap, 11oz And 15oz Mug Template, Mug Sublimation Design, Mug Wrap Template, Instant Digital Download PNG","eagle mug wrap,3d mug wrap,3d eagle,3d mug design,mug template,bird mug wrap,bird mug design,sublimation design,mug design,3d bird",https://i.etsystatic.com/42921414/r/il/01b7ad/5121119975/il_794xN.5121119975_dwda.jpg
"3D Eagle Mountains Mug Wrap, 11oz And 15oz Mug Template, Mug Sublimation Design, Mug Wrap Template, Instant Digital Download PNG","eagle mug wrap,3d mug wrap,3d eagle,3d mug design,mug template,bird mug wrap,bird mug design,sublimation design,mug design,3d bird",
"3D Eagle Mountains Mug Wrap, 11oz And 15oz Mug Template, Mug Sublimation Design, Mug Wrap Template, Instant Digital Download PNG","eagle mug wrap,3d mug wrap,3d eagle,3d mug design,mug template,bird mug wrap,bird mug design,sublimation design,mug design,3d bird",https://i.etsystatic.com/42921414/r/il/62463b/5121119967/il_794xN.5121119967_enwd.jpg
"3D Eagle Mountains Mug Wrap, 11oz And 15oz Mug Template, Mug Sublimation Design, Mug Wrap Template, Instant Digital Download PNG","eagle mug wrap,3d mug wrap,3d eagle,3d mug design,mug template,bird mug wrap,bird mug design,sublimation design,mug design,3d bird",https://i.etsystatic.com/42921414/r/il/75a8fd/5072890582/il_794xN.5072890582_hkd0.jpg
"3D Puppy Hole In A Wall Mug Wrap, 11oz And 15oz Mug Template, Mug Sublimation Design, Mug Wrap Template, Instant Digital Download PNG","puppy mug wrap,dog mug wrap,3d mug design,mug template,mug design,3d dog,sublimation design,3d hole in a wall,puppy pattern",https://i.etsystatic.com/42921414/r/il/17e4fd/5120583317/il_794xN.5120583317_58dr.jpg
"3D Puppy Hole In A Wall Mug Wrap, 11oz And 15oz Mug Template, Mug Sublimation Design, Mug Wrap Template, Instant Digital Download PNG","puppy mug wrap,dog mug wrap,3d mug design,mug template,mug design,3d dog,sublimation design,3d hole in a wall,puppy pattern",
"3D Puppy Hole In A Wall Mug Wrap, 11oz And 15oz Mug Template, Mug Sublimation Design, Mug Wrap Template, Instant Digital Download PNG","puppy mug wrap,dog mug wrap,3d mug design,mug template,mug design,3d dog,sublimation design,3d hole in a wall,puppy pattern",https://i.etsystatic.com/42921414/r/il/db20d8/5072355556/il_794xN.5072355556_6od1.jpg
"3D Puppy Hole In A Wall Mug Wrap, 11oz And 15oz Mug Template, Mug Sublimation Design, Mug Wrap Template, Instant Digital Download PNG","puppy mug wrap,dog mug wrap,3d mug design,mug template,mug design,3d dog,sublimation design,3d hole in a wall,puppy pattern",https://i.etsystatic.com/42921414/r/il/a975e0/5072355608/il_794xN.5072355608_7506.jpg
"3D Gingerbread Man Mug Wrap, 11oz And 15oz Mug Template, Mug Sublimation Design, Mug Wrap Template, Instant Digital Download PNG","gingerbread mug wrap,gingerbread man mug,3d mug wrap,3d mug design,christmas mug wrap,winter mug design,mug design,mug template,sublimation design,winter mug wrap",https://i.etsystatic.com/42921414/r/il/c0aefc/5163414323/il_794xN.5163414323_rane.jpg
"3D Gingerbread Man Mug Wrap, 11oz And 15oz Mug Template, Mug Sublimation Design, Mug Wrap Template, Instant Digital Download PNG","gingerbread mug wrap,gingerbread man mug,3d mug wrap,3d mug design,christmas mug wrap,winter mug design,mug design,mug template,sublimation design,winter mug wrap",
"3D Gingerbread Man Mug Wrap, 11oz And 15oz Mug Template, Mug Sublimation Design, Mug Wrap Template, Instant Digital Download PNG","gingerbread mug wrap,gingerbread man mug,3d mug wrap,3d mug design,christmas mug wrap,winter mug design,mug design,mug template,sublimation design,winter mug wrap",https://i.etsystatic.com/42921414/r/il/81b1d4/5115183634/il_794xN.5115183634_6806.jpg
"3D Gingerbread Man Mug Wrap, 11oz And 15oz Mug Template, Mug Sublimation Design, Mug Wrap Template, Instant Digital Download PNG","gingerbread mug wrap,gingerbread man mug,3d mug wrap,3d mug design,christmas mug wrap,winter mug design,mug design,mug template,sublimation design,winter mug wrap",https://i.etsystatic.com/42921414/r/il/57b736/5163414331/il_794xN.5163414331_7752.jpg
"3D Baseball Hole In A Wall Mug Wrap, 11oz And 15oz Mug Template, Mug Sublimation Design, Mug Wrap Template, Instant Digital Download PNG","baseball mug wrap,3d baseball,3d mug design,mug template,3d mug wrap,mug design,baseball mug design,sublimation design,american flag mug,3d hole in a wall",https://i.etsystatic.com/42921414/r/il/66c848/5128024696/il_794xN.5128024696_mtag.jpg
"3D Baseball Hole In A Wall Mug Wrap, 11oz And 15oz Mug Template, Mug Sublimation Design, Mug Wrap Template, Instant Digital Download PNG","baseball mug wrap,3d baseball,3d mug design,mug template,3d mug wrap,mug design,baseball mug design,sublimation design,american flag mug,3d hole in a wall",
"3D Baseball Hole In A Wall Mug Wrap, 11oz And 15oz Mug Template, Mug Sublimation Design, Mug Wrap Template, Instant Digital Download PNG","baseball mug wrap,3d baseball,3d mug design,mug template,3d mug wrap,mug design,baseball mug design,sublimation design,american flag mug,3d hole in a wall",https://i.etsystatic.com/42921414/r/il/5d9327/5176251077/il_794xN.5176251077_3i8k.jpg
"3D Baseball Hole In A Wall Mug Wrap, 11oz And 15oz Mug Template, Mug Sublimation Design, Mug Wrap Template, Instant Digital Download PNG","baseball mug wrap,3d baseball,3d mug design,mug template,3d mug wrap,mug design,baseball mug design,sublimation design,american flag mug,3d hole in a wall",https://i.etsystatic.com/42921414/r/il/d9d064/5176251075/il_794xN.5176251075_m0q6.jpg
"3D Red Cardinal Bird Sunset Mug Wrap, 11oz And 15oz Mug Template, Mug Sublimation Design, Mug Wrap Template, Instant Digital Download PNG","3d mug design,3d bird,red cardinal mug,bird mug wrap,3d mug wrap,3d red cardinal,bird mug design,mug template,sublimation design,instant download,flower bird",https://i.etsystatic.com/42921414/r/il/8971ea/5260439621/il_794xN.5260439621_6jwo.jpg
"3D Red Cardinal Bird Sunset Mug Wrap, 11oz And 15oz Mug Template, Mug Sublimation Design, Mug Wrap Template, Instant Digital Download PNG","3d mug design,3d bird,red cardinal mug,bird mug wrap,3d mug wrap,3d red cardinal,bird mug design,mug template,sublimation design,instant download,flower bird",
"3D Red Cardinal Bird Sunset Mug Wrap, 11oz And 15oz Mug Template, Mug Sublimation Design, Mug Wrap Template, Instant Digital Download PNG","3d mug design,3d bird,red cardinal mug,bird mug wrap,3d mug wrap,3d red cardinal,bird mug design,mug template,sublimation design,instant download,flower bird",https://i.etsystatic.com/42921414/r/il/e57d13/5212222638/il_794xN.5212222638_8ace.jpg
"3D Red Cardinal Bird Sunset Mug Wrap, 11oz And 15oz Mug Template, Mug Sublimation Design, Mug Wrap Template, Instant Digital Download PNG","3d mug design,3d bird,red cardinal mug,bird mug wrap,3d mug wrap,3d red cardinal,bird mug design,mug template,sublimation design,instant download,flower bird",https://i.etsystatic.com/42921414/r/il/0c7cb2/5260439567/il_794xN.5260439567_j42m.jpg
"Colorful Neon Baby Mouse Mug Wrap, 11oz And 15oz Mug Template, Mug Sublimation Design, Mug Wrap Template, Instant Digital Download PNG","neon mug wrap,colorful mouse,neon mug design,baby mouse,mug template,colorful,mug design,sublimation design",https://i.etsystatic.com/42921414/r/il/9371c0/5072778402/il_794xN.5072778402_noa1.jpg
"Colorful Neon Baby Mouse Mug Wrap, 11oz And 15oz Mug Template, Mug Sublimation Design, Mug Wrap Template, Instant Digital Download PNG","neon mug wrap,colorful mouse,neon mug design,baby mouse,mug template,colorful,mug design,sublimation design",
"Colorful Neon Baby Mouse Mug Wrap, 11oz And 15oz Mug Template, Mug Sublimation Design, Mug Wrap Template, Instant Digital Download PNG","neon mug wrap,colorful mouse,neon mug design,baby mouse,mug template,colorful,mug design,sublimation design",https://i.etsystatic.com/42921414/r/il/f26abf/5072778406/il_794xN.5072778406_5ojk.jpg
"Colorful Neon Baby Mouse Mug Wrap, 11oz And 15oz Mug Template, Mug Sublimation Design, Mug Wrap Template, Instant Digital Download PNG","neon mug wrap,colorful mouse,neon mug design,baby mouse,mug template,colorful,mug design,sublimation design",https://i.etsystatic.com/42921414/r/il/bceeb4/5072778428/il_794xN.5072778428_e57u.jpg
"3D Tiger Mug Wrap, 11oz And 15oz Mug Template, Mug Sublimation Design, Flowers Mug Wrap Template, Instant Digital Download PNG","tiger mug wrap,3d tiger,3d mug design,crystal tiger,mug template,3d mug wrap,mug design,tiger mug design,sublimation design,flower tiger,instant download,coffee mug wrap",https://i.etsystatic.com/42921414/r/il/9911be/5185872816/il_794xN.5185872816_tgg0.jpg
"3D Tiger Mug Wrap, 11oz And 15oz Mug Template, Mug Sublimation Design, Flowers Mug Wrap Template, Instant Digital Download PNG","tiger mug wrap,3d tiger,3d mug design,crystal tiger,mug template,3d mug wrap,mug design,tiger mug design,sublimation design,flower tiger,instant download,coffee mug wrap",
"3D Tiger Mug Wrap, 11oz And 15oz Mug Template, Mug Sublimation Design, Flowers Mug Wrap Template, Instant Digital Download PNG","tiger mug wrap,3d tiger,3d mug design,crystal tiger,mug template,3d mug wrap,mug design,tiger mug design,sublimation design,flower tiger,instant download,coffee mug wrap",https://i.etsystatic.com/42921414/r/il/fc0512/5234096287/il_794xN.5234096287_8ueh.jpg
"3D Tiger Mug Wrap, 11oz And 15oz Mug Template, Mug Sublimation Design, Flowers Mug Wrap Template, Instant Digital Download PNG","tiger mug wrap,3d tiger,3d mug design,crystal tiger,mug template,3d mug wrap,mug design,tiger mug design,sublimation design,flower tiger,instant download,coffee mug wrap",https://i.etsystatic.com/42921414/r/il/98b777/5185872872/il_794xN.5185872872_cu7u.jpg
"3D Penguin Mug Wrap, 11oz & 15oz Mug Template, Mug Sublimation Design, Hole In A Wall Mug Wrap Template, Instant Digital Download PNG","penguin mug wrap,3d penguin,baby penguin,3d mug design,mug template,mug design,sublimation design,3d hole in a wall,penguin pattern,penguin flowers,digital download",https://i.etsystatic.com/42921414/r/il/ad6495/5227643837/il_794xN.5227643837_7exr.jpg
"3D Penguin Mug Wrap, 11oz & 15oz Mug Template, Mug Sublimation Design, Hole In A Wall Mug Wrap Template, Instant Digital Download PNG","penguin mug wrap,3d penguin,baby penguin,3d mug design,mug template,mug design,sublimation design,3d hole in a wall,penguin pattern,penguin flowers,digital download",
"3D Penguin Mug Wrap, 11oz & 15oz Mug Template, Mug Sublimation Design, Hole In A Wall Mug Wrap Template, Instant Digital Download PNG","penguin mug wrap,3d penguin,baby penguin,3d mug design,mug template,mug design,sublimation design,3d hole in a wall,penguin pattern,penguin flowers,digital download",https://i.etsystatic.com/42921414/r/il/db584b/5227643847/il_794xN.5227643847_czu1.jpg
"3D Penguin Mug Wrap, 11oz & 15oz Mug Template, Mug Sublimation Design, Hole In A Wall Mug Wrap Template, Instant Digital Download PNG","penguin mug wrap,3d penguin,baby penguin,3d mug design,mug template,mug design,sublimation design,3d hole in a wall,penguin pattern,penguin flowers,digital download",https://i.etsystatic.com/42921414/r/il/6e3f37/5179416644/il_794xN.5179416644_ftah.jpg
"3D Baby Dinosaur Hole In A Wall Mug Wrap, 11oz & 15oz Mug Template, Mug Sublimation Design, Mug Wrap Template, Instant Digital Download PNG","3d dinosaur,dinosaur mug wrap,baby dinosaur,3d mug design,mug template,mug design,sublimation design,3d hole in a wall,dinosaur pattern,instant download,3d mug wrap",https://i.etsystatic.com/42921414/r/il/359b56/5176244269/il_794xN.5176244269_iw2f.jpg
"3D Baby Dinosaur Hole In A Wall Mug Wrap, 11oz & 15oz Mug Template, Mug Sublimation Design, Mug Wrap Template, Instant Digital Download PNG","3d dinosaur,dinosaur mug wrap,baby dinosaur,3d mug design,mug template,mug design,sublimation design,3d hole in a wall,dinosaur pattern,instant download,3d mug wrap",
"3D Baby Dinosaur Hole In A Wall Mug Wrap, 11oz & 15oz Mug Template, Mug Sublimation Design, Mug Wrap Template, Instant Digital Download PNG","3d dinosaur,dinosaur mug wrap,baby dinosaur,3d mug design,mug template,mug design,sublimation design,3d hole in a wall,dinosaur pattern,instant download,3d mug wrap",https://i.etsystatic.com/42921414/r/il/001a92/5176244273/il_794xN.5176244273_93qp.jpg
"3D Baby Dinosaur Hole In A Wall Mug Wrap, 11oz & 15oz Mug Template, Mug Sublimation Design, Mug Wrap Template, Instant Digital Download PNG","3d dinosaur,dinosaur mug wrap,baby dinosaur,3d mug design,mug template,mug design,sublimation design,3d hole in a wall,dinosaur pattern,instant download,3d mug wrap",https://i.etsystatic.com/42921414/r/il/a40de0/5128018330/il_794xN.5128018330_dsai.jpg
"Ocean Landscape 20 oz Skinny Tumbler Sublimation Design, Straight And Tapered Tumbler Wrap, Instant Digital Download PNG","tumbler wrap,ocean tumbler design,skinny tumbler wrap,ocean landscape,ocean tumbler wrap,landscape tumbler,ocean painting,painting tumbler,blue tumbler design,tumbler design,sublimation design,tapered tumbler wrap,digital download",https://i.etsystatic.com/42921414/r/il/a29549/5279876561/il_794xN.5279876561_gphr.jpg
"Ocean Landscape 20 oz Skinny Tumbler Sublimation Design, Straight And Tapered Tumbler Wrap, Instant Digital Download PNG","tumbler wrap,ocean tumbler design,skinny tumbler wrap,ocean landscape,ocean tumbler wrap,landscape tumbler,ocean painting,painting tumbler,blue tumbler design,tumbler design,sublimation design,tapered tumbler wrap,digital download",
"Ocean Landscape 20 oz Skinny Tumbler Sublimation Design, Straight And Tapered Tumbler Wrap, Instant Digital Download PNG","tumbler wrap,ocean tumbler design,skinny tumbler wrap,ocean landscape,ocean tumbler wrap,landscape tumbler,ocean painting,painting tumbler,blue tumbler design,tumbler design,sublimation design,tapered tumbler wrap,digital download",https://i.etsystatic.com/42921414/r/il/979fd7/5231680816/il_794xN.5231680816_nhzk.jpg
"Ocean Landscape 20 oz Skinny Tumbler Sublimation Design, Straight And Tapered Tumbler Wrap, Instant Digital Download PNG","tumbler wrap,ocean tumbler design,skinny tumbler wrap,ocean landscape,ocean tumbler wrap,landscape tumbler,ocean painting,painting tumbler,blue tumbler design,tumbler design,sublimation design,tapered tumbler wrap,digital download",https://i.etsystatic.com/42921414/r/il/d1c87f/5279876571/il_794xN.5279876571_dnap.jpg
"3D Strawberry Milkshake 20 oz Skinny Tumbler Sublimation Design, Straight And Tapered Tumbler Wrap, Instant Digital Download PNG","tumbler wrap,milkshake tumbler,3d tumbler design,tumbler design,strawberry milkshake,3d tumbler wrap,skinny tumbler wrap,drink tumbler wrap,sublimation design,instant download,pink tumbler wrap,tapered tumbler wrap",https://i.etsystatic.com/42921414/r/il/506dd2/5279827177/il_794xN.5279827177_nnei.jpg
"3D Strawberry Milkshake 20 oz Skinny Tumbler Sublimation Design, Straight And Tapered Tumbler Wrap, Instant Digital Download PNG","tumbler wrap,milkshake tumbler,3d tumbler design,tumbler design,strawberry milkshake,3d tumbler wrap,skinny tumbler wrap,drink tumbler wrap,sublimation design,instant download,pink tumbler wrap,tapered tumbler wrap",
"3D Strawberry Milkshake 20 oz Skinny Tumbler Sublimation Design, Straight And Tapered Tumbler Wrap, Instant Digital Download PNG","tumbler wrap,milkshake tumbler,3d tumbler design,tumbler design,strawberry milkshake,3d tumbler wrap,skinny tumbler wrap,drink tumbler wrap,sublimation design,instant download,pink tumbler wrap,tapered tumbler wrap",https://i.etsystatic.com/42921414/r/il/8a8d34/5279827163/il_794xN.5279827163_8au4.jpg
"3D Strawberry Milkshake 20 oz Skinny Tumbler Sublimation Design, Straight And Tapered Tumbler Wrap, Instant Digital Download PNG","tumbler wrap,milkshake tumbler,3d tumbler design,tumbler design,strawberry milkshake,3d tumbler wrap,skinny tumbler wrap,drink tumbler wrap,sublimation design,instant download,pink tumbler wrap,tapered tumbler wrap",https://i.etsystatic.com/42921414/r/il/043d8c/5231631588/il_794xN.5231631588_1f8l.jpg
"3D Highland Cow Hole In A Wall 20 oz Skinny Tumbler Sublimation Design, Straight And Tapered Tumbler Wrap, Instant Digital Download PNG","tumbler wrap,highland cow tumbler,cow tumbler wrap,3d tumbler design,3d highland cow,skinny tumbler wrap,tumbler design,3d cow,baby highland cow,sublimation design,3d hole in a wall,highland cow pattern",https://i.etsystatic.com/42921414/r/il/f4bf7b/5279839461/il_794xN.5279839461_sj2a.jpg
"3D Highland Cow Hole In A Wall 20 oz Skinny Tumbler Sublimation Design, Straight And Tapered Tumbler Wrap, Instant Digital Download PNG","tumbler wrap,highland cow tumbler,cow tumbler wrap,3d tumbler design,3d highland cow,skinny tumbler wrap,tumbler design,3d cow,baby highland cow,sublimation design,3d hole in a wall,highland cow pattern",
"3D Highland Cow Hole In A Wall 20 oz Skinny Tumbler Sublimation Design, Straight And Tapered Tumbler Wrap, Instant Digital Download PNG","tumbler wrap,highland cow tumbler,cow tumbler wrap,3d tumbler design,3d highland cow,skinny tumbler wrap,tumbler design,3d cow,baby highland cow,sublimation design,3d hole in a wall,highland cow pattern",https://i.etsystatic.com/42921414/r/il/d5f578/5279839437/il_794xN.5279839437_p9k3.jpg
"3D Highland Cow Hole In A Wall 20 oz Skinny Tumbler Sublimation Design, Straight And Tapered Tumbler Wrap, Instant Digital Download PNG","tumbler wrap,highland cow tumbler,cow tumbler wrap,3d tumbler design,3d highland cow,skinny tumbler wrap,tumbler design,3d cow,baby highland cow,sublimation design,3d hole in a wall,highland cow pattern",https://i.etsystatic.com/42921414/r/il/a9fdf5/5231644104/il_794xN.5231644104_31dp.jpg
"3D Christmas Winter Owl 20 oz Skinny Tumbler Sublimation Design, Straight And Tapered Tumbler Wrap, Instant Digital Download PNG","owl tumbler wrap,3d owl,christmas tumbler,owl tumbler design,winter tumbler wrap,3d tumbler wrap,tumbler design,3d tumbler design,tumbler wrap,skinny tumbler wrap,sublimation design,snow tumbler wrap,digital download",https://i.etsystatic.com/42921414/r/il/edfe0a/5231652284/il_794xN.5231652284_eo4a.jpg
"3D Christmas Winter Owl 20 oz Skinny Tumbler Sublimation Design, Straight And Tapered Tumbler Wrap, Instant Digital Download PNG","owl tumbler wrap,3d owl,christmas tumbler,owl tumbler design,winter tumbler wrap,3d tumbler wrap,tumbler design,3d tumbler design,tumbler wrap,skinny tumbler wrap,sublimation design,snow tumbler wrap,digital download",
"3D Christmas Winter Owl 20 oz Skinny Tumbler Sublimation Design, Straight And Tapered Tumbler Wrap, Instant Digital Download PNG","owl tumbler wrap,3d owl,christmas tumbler,owl tumbler design,winter tumbler wrap,3d tumbler wrap,tumbler design,3d tumbler design,tumbler wrap,skinny tumbler wrap,sublimation design,snow tumbler wrap,digital download",https://i.etsystatic.com/42921414/r/il/0488e0/5231652304/il_794xN.5231652304_65jd.jpg
"3D Christmas Winter Owl 20 oz Skinny Tumbler Sublimation Design, Straight And Tapered Tumbler Wrap, Instant Digital Download PNG","owl tumbler wrap,3d owl,christmas tumbler,owl tumbler design,winter tumbler wrap,3d tumbler wrap,tumbler design,3d tumbler design,tumbler wrap,skinny tumbler wrap,sublimation design,snow tumbler wrap,digital download",https://i.etsystatic.com/42921414/r/il/33e443/5231652296/il_794xN.5231652296_2t3u.jpg
"3D Eiffel Tower Pink Roses 20 oz Skinny Tumbler Sublimation Design, Straight And Tapered Tumbler Wrap, Instant Digital Download PNG","3d tumbler design,3d eiffel tower,eiffel tower tumbler,flower tumbler wrap,skinny tumbler wrap,3d roses,pink flowers,tumbler wrap,tumbler design,sublimation design,3d tumbler wrap,paris tumbler wrap,instant download",https://i.etsystatic.com/42921414/r/il/60c6bc/4914497918/il_794xN.4914497918_gqao.jpg
"3D Eiffel Tower Pink Roses 20 oz Skinny Tumbler Sublimation Design, Straight And Tapered Tumbler Wrap, Instant Digital Download PNG","3d tumbler design,3d eiffel tower,eiffel tower tumbler,flower tumbler wrap,skinny tumbler wrap,3d roses,pink flowers,tumbler wrap,tumbler design,sublimation design,3d tumbler wrap,paris tumbler wrap,instant download",
"3D Eiffel Tower Pink Roses 20 oz Skinny Tumbler Sublimation Design, Straight And Tapered Tumbler Wrap, Instant Digital Download PNG","3d tumbler design,3d eiffel tower,eiffel tower tumbler,flower tumbler wrap,skinny tumbler wrap,3d roses,pink flowers,tumbler wrap,tumbler design,sublimation design,3d tumbler wrap,paris tumbler wrap,instant download",https://i.etsystatic.com/42921414/r/il/b33fad/4914497926/il_794xN.4914497926_mceu.jpg
"3D Eiffel Tower Pink Roses 20 oz Skinny Tumbler Sublimation Design, Straight And Tapered Tumbler Wrap, Instant Digital Download PNG","3d tumbler design,3d eiffel tower,eiffel tower tumbler,flower tumbler wrap,skinny tumbler wrap,3d roses,pink flowers,tumbler wrap,tumbler design,sublimation design,3d tumbler wrap,paris tumbler wrap,instant download",https://i.etsystatic.com/42921414/r/il/ac913f/4962757153/il_794xN.4962757153_oy7r.jpg
